is_weekend,total_days,available_days,unique_listings,availability_rate,occupancy_rate,label
False,2735280,706250.0,10480,0.2582002573776725,0.7417997426223275,Weekday
True,1089920,279418.0,10480,0.2563656048150323,0.7436343951849678,Weekend
